Title,Processing,Simhash,Similar_File_Name
2019.01월 (신작) [--- ㅇr.쿠.ㅇㅏ.맨 ---]완벽한글.정식 DVD릴.초고화질.무삭제 1080P,201901월신작아쿠아맨완벽한글정식DVD릴초고화질무삭제1080P,'01001001101101000011110000111011010010101111001000,['2019.01월 (신작) [--- ㅇr.쿠.ㅇㅏ.맨 ---]완벽한글.정식 DVD릴.초고화질.무삭제 1080P']
남자친구.E15.190123.1080P,남자친구E151901231080P,'01001001011100110001011011101010011010111111001000,"['남자친구.E15.190123.1080P', '[남자친구] 15화 .E15.190123.1080p', '남자친구.E15.190123.1080P']"
19금영화 몸매 탑급  야함을 가장 잘 표현하는 아리의 [아내들의 속사정],19금영화몸매탑급야함을가장잘표현하는아리의아내들의속사정,'11101100101101010001010010101000101010010110000000,"['19금영화 몸매 탑급, 야함을 가장 잘 표현하는 아리의 [아내들의 속사정]']"
[중드] 무동건곤 영웅출소년 (2018) 40화 HD mp4,중드무동건곤영웅출소년201840화HDmp4,'01011101110010111000001001001101010100101010000000,"['[중드] 무동건곤 영웅출소년 (2018) 40화 HD mp4', '[중드] 무동건곤 영웅출소년 (2018) 43화 HD mp4', '[중드] 무동건곤 영웅출소년 (2018) 53화 HD mp4', '[중드] 무동건곤 영웅출소년 (2018) 48화 HD mp4', '[중드] 무동건곤 영웅출소년 (2018) 50화 HD mp4', '[중드] 무동건곤 영웅출소년 (2018) 48화 HD mp4', '[중드] 무동건곤 영웅출소년 (2018) 40화 HD mp4']"
[SBS] 황후의 품격.E25-E26.190102.HDTV.1080i-초명품화질,SBS황후의품격E25E26190102HDTV1080i초명품화질,'10001000000010111011010000001100011011011100111101,"['[SBS] 황후의 품격.E25-E26.190102.HDTV.1080i-초명품화질', '[SBS] 황후의 품격.E29-E30.190109.HDTV.1080i-초명품화질', '[SBS] 황후의 품격.E25-E26.190102.HDTV.1080i-초명품화질']"
O1월. 중국 박스오피스 1위 범죄 액션 정.ㅇl.건[ 금.괴.털.이 ]초고화질.한글자막                           ㅁㄹ,01월중국박스오피스1위범죄액션정이건금괴털이초고화질한글자막,'10111010101110100010000010110010011001001110000000,['O1월. 중국 박스오피스 1위 범죄 액션 정.ㅇl.건[ 금.괴.털.이 ]초고화질.한글자막                           ㅁㄹ']
2 O 1 8 (ㅡ 미로의 끝은 ㅇ ㅓㄷ ㅣ인가 ㅡ) 초고화질 완벽자막,2018미로의끝은어디인가초고화질완벽자막,'01011010101101101100101101001111100110100111100010,['2 O 1 8 (ㅡ 미로의 끝은 ㅇ ㅓㄷ ㅣ인가 ㅡ) 초고화질 완벽자막']
6시 내고향.E6687.190102.720p-NEXT,6시내고향E6687190102720pNEXT,'00000110001010011111110010011101011010101100000101,"['6시 내고향.E6687.190102.720p-NEXT', '6시 내고향.E6690.190107.720p-NEXT', '6시 내고향.E6690.190107.720p-NEXT', '6시 내고향.E6691.190108.720p-NEXT', '6시 내고향.E6691.190108.720p-NEXT', '6시 내고향.E6691.190108.720p-NEXT', '6시 내고향.E6689.190104.720p-NEXT', '6시 내고향.E6687.190102.720p-NEXT']"
한글 합약남녀合約男女 토렌트 ■■■■ [한글] 합약남녀(合約男女) 로맨스 코메디 Love.C...,한글합약남녀合約男女토렌트한글합약남녀合約男女로맨스코메디LoveC,'01010101101101111001111100000110110101101100000110,[]
2O19.O1 ㄹI암리슨 콜린파렐! [[ ㅡ 과부들의 은행털기 ㅡ ]] 고화질 한글자막,201901리암리슨콜린파렐과부들의은행털기고화질한글자막,'00111000100000000110100000001000010011001110010110,"['2O19.O1 ㄹI암리슨,콜린파렐! [[ ㅡ 과부들의 은행털기 ㅡ ]] 고화질 한글자막']"
[평점 9.0][ 그을린사랑 _ 720P ] 충격! 전율! 감동! 모든것을 다 갖춘 영화!,평점90그을린사랑720P충격전율감동모든것을다갖춘영화,'01000101011100100011010100011101111001100000001100,"['[평점 9.0][ 그을린사랑 _ 720P ] 충격! 전율! 감동! 모든것을 다 갖춘 영화!', '[평점 9.0][ 그을린사랑 _ 720P ] 충격! 전율! 감동! 모든것을 다 갖춘 영화!']"
[대박]초l고암살요원 조지클루니.전미박스1위 [ㅇㅏ메 ㄹㅣ 칸 ] 고화질,대박최고암살요원조지클루니전미박스1위아메리칸고화질,'11001101110110110111010101101011100100111110100001,['[대박]초l고암살요원 조지클루니.전미박스1위 [ㅇㅏ메 ㄹㅣ 칸 ] 고화질']
2O18.O9 (실화) 대통령 사위 [--- 국제 . 스ㅍㅏO l ---] 1O8OP.한글,201809실화대통령사위국제스파이1080P한글,'01001000000110001001110010001001010010101100000101,"['2O18.O9 (실화) 대통령 사위 [--- 국제 . 스ㅍㅏO l ---] 1O8OP.한글', '크로스.E01.180129.1080p-NEXT', '[tvN] 백일의 낭군님.E06.180925.1080p-NEXT', '[tvN] 백일의 낭군님.E03.180917.1080p-NEXT', '크로스.E01.180129.1080p-NEXT']"
미스터리액션[ㅡㅁㅔㅇㅣ즈.ㄹㅓ너ㅡ]완벽한글.108oP,미스터리액션메이즈러너완벽한글1080P,'11001001001101111010100000000111110001101000001111,['미스터리액션[ㅡㅁㅔㅇㅣ즈.ㄹㅓ너ㅡ]완벽한글.108oP']
[TV조선] 시그널.E57.고통에서 구조된 사람들의 따뜻한 희망신호.190102.720p,TV조선시그널E57고통에서구조된사람들의따뜻한희망신호190102720p,'01001010100010000011011001101010000000010000010111,"['[TV조선] 시그널.E57.고통에서 구조된 사람들의 따뜻한 희망신호.190102.720p', '[TV조선] 시그널.E57.고통에서 구조된 사람들의 따뜻한 희망신호.190102.720p']"
덕구[드라마][이순재 주연][고화질 1080P],덕구드라마이순재주연고화질1080P,'01001000001010001000110001011001111111010011001111,"['덕구[드라마][이순재 주연][고화질 1080P]', '덕구[드라마][이순재 주연][고화질 1080P]']"
2O18. FHD ((  신.ㅂi.한  동.물.ㅅr.전  2  ))1O8Op.완벽자체자막,2018FHD신비한동물사전21080p완벽자체자막,'00001000111111101001001100011000101110100011100000,['2O18. FHD ((  신.ㅂi.한  동.물.ㅅr.전  2  ))1O8Op.완벽자체자막']
시카고타자기 - [16회] 완결 720p.NEXT 유아인 임수정 고경표 곽시양  케이블완결[tvN],시카고타자기16회완결720pNEXT유아인임수정고경표곽시양케이블완결tvN,'01111001010111000000011101000011110101010100010111,"['시카고타자기 - [16회] 완결 720p.NEXT 유아인 임수정 고경표 곽시양  케이블완결[tvN]', '시카고타자기 - [14회] 720p.NEXT 유아인 임수정 고경표 곽시양  케이블완결[tvN]', '시카고타자기 - [16회] 완결 720p.NEXT 유아인 임수정 고경표 곽시양  케이블완결[tvN]', '시카고타자기 - [14회] 720p.NEXT 유아인 임수정 고경표 곽시양  케이블완결[tvN]']"
[라디오스타].598회.2019.01.02.(수) HDTV.H264.720p[무등산]-Full,라디오스타598회20190102수HDTVH264720p무등산Full,'00010110010011011111011000101010010011011110000111,"['[라디오스타].598회.2019.01.02.(수),HDTV.H264.720p[무등산]-Full', '[라디오스타].598회.2019.01.02.(수),HDTV.H264.720p[무등산]-Full']"
초긴급 SF슈퍼 액션 ㅇr쿠ㅇr MAN [ 바닷속 왕자 ] 고화질 자체자막                                        ㅎㅌ,초긴급SF슈퍼액션아쿠아MAN바닷속왕자고화질자체자막,'00010010011100101011101110110010111010101111001000,['초긴급 SF슈퍼 액션 ㅇr쿠ㅇr MAN [ 바닷속 왕자 ] 고화질 자체자막                                        ㅎㅌ']
